{"cameraMode":{"drawMode":0,"name":"Shaded","section":"Shading Mode"},"sceneLighting":true,"audioPlay":false,"sceneViewState":{"showFog":true,"showMaterialUpdate":false,"showSkybox":true,"showFlares":true,"showImageEffects":true,"showParticleSystems":true},"in2DMode":false,"pivot":{"x":14.9794921875,"y":0.3138427734375,"z":16.796875},"rotation":{"x":0.01165811438113451,"y":0.07402452081441879,"z":0.0008655808633193374,"w":-0.9971879124641419},"size":27.54401206970215,"orthographic":true}